{"val/loss": 0.002215432235971093, "val/psnr": 28.601892471313477, "val/ssim": 0.8131214380264282, "val/ssim_best": 0.8916447162628174, "epoch": 56, "trainer/global_step": 16520, "_timestamp": 1699384615.430933, "_runtime": 4545.709081888199, "_step": 112, "train/loss": 0.0024114332627505064, "train/psnr": 28.517108917236328, "train/ssim": 0.8016076683998108, "test/loss": 0.0011916856747120619, "test/psnr": 32.701786041259766, "test/ssim": 0.8930740356445312, "_wandb": {"runtime": 4543}}