{"val/loss": 0.0024582943879067898, "val/psnr": 29.243093490600586, "val/ssim": 0.7654540538787842, "val/ssim_best": 0.7654823660850525, "epoch": 94, "trainer/global_step": 27730, "_timestamp": 1700183095.7512124, "_runtime": 7073.099469423294, "_step": 188, "train/loss": 0.002427173312753439, "train/psnr": 29.557863235473633, "train/ssim": 0.7616576552391052, "test/loss": 0.0025385089684277773, "test/psnr": 29.62833023071289, "test/ssim": 0.7656301259994507, "_wandb": {"runtime": 7069}}