{"val/loss": 0.00250717019662261, "val/psnr": 28.66181755065918, "val/ssim": 0.7897650003433228, "val/ssim_best": 0.7897650003433228, "epoch": 50, "trainer/global_step": 14750, "_timestamp": 1699375785.3142385, "_runtime": 948.3987374305725, "_step": 100, "train/loss": 0.0026909662410616875, "train/psnr": 28.59351921081543, "train/ssim": 0.7769290208816528, "test/loss": 0.0025522338692098856, "test/psnr": 28.9029483795166, "test/ssim": 0.7887362837791443, "_wandb": {"runtime": 940}}