{"val/loss": 0.0009555027354508638, "val/psnr": 33.49728012084961, "val/ssim": 0.9060091972351074, "val/ssim_best": 0.9079675674438477, "epoch": 94, "trainer/global_step": 27730, "_timestamp": 1700069152.313788, "_runtime": 9575.048658847809, "_step": 188, "train/loss": 0.0009823727887123823, "train/psnr": 33.65443420410156, "train/ssim": 0.9052940607070923, "test/loss": 0.0009432086953893304, "test/psnr": 34.07574462890625, "test/ssim": 0.91019606590271, "_wandb": {"runtime": 9572}}