{"val/loss": 0.0022623499389737844, "val/psnr": 28.71314811706543, "val/ssim": 0.8141347765922546, "val/ssim_best": 0.8214593529701233, "epoch": 50, "trainer/global_step": 14750, "_timestamp": 1699386002.1043663, "_runtime": 4787.612250328064, "_step": 100, "train/loss": 0.002397848991677165, "train/psnr": 28.68526840209961, "train/ssim": 0.8045534491539001, "test/loss": 0.0022394515108317137, "test/psnr": 28.890121459960938, "test/ssim": 0.8211140632629395, "_wandb": {"runtime": 4785}}