{"val/loss": 0.0009566715452820063, "val/psnr": 33.331016540527344, "val/ssim": 0.9062855839729309, "val/ssim_best": 0.9071149826049805, "epoch": 83, "trainer/global_step": 24485, "_timestamp": 1700094816.6766753, "_runtime": 9973.569061279297, "_step": 166, "train/loss": 0.0009382563875988126, "train/psnr": 33.66154861450195, "train/ssim": 0.9084963202476501, "test/loss": 0.0009576875600032508, "test/psnr": 33.88547897338867, "test/ssim": 0.9092647433280945, "_wandb": {"runtime": 9971}}