{"val/loss": 0.002178102731704712, "val/psnr": 28.82444953918457, "val/ssim": 0.8203780651092529, "val/ssim_best": 0.8232249617576599, "epoch": 52, "trainer/global_step": 15340, "_timestamp": 1699381798.1197867, "_runtime": 2504.1027266979218, "_step": 104, "train/loss": 0.002275974489748478, "train/psnr": 28.970611572265625, "train/ssim": 0.810648500919342, "test/loss": 0.002178705297410488, "test/psnr": 29.267492294311523, "test/ssim": 0.8236703872680664, "_wandb": {"runtime": 2501}}