{"val/loss": NaN, "val/psnr": NaN, "val/ssim": NaN, "val/ssim_best": 0.8636009097099304, "epoch": 50, "trainer/global_step": 14750, "_timestamp": 1699383470.9595332, "_runtime": 2006.813021183014, "_step": 100, "train/loss": NaN, "train/psnr": NaN, "train/ssim": NaN, "test/loss": 0.0015563215129077435, "test/psnr": 31.31857681274414, "test/ssim": 0.8647478818893433, "_wandb": {"runtime": 2003}}