{"val/loss": 0.0008730615372769535, "val/psnr": 34.17509078979492, "val/ssim": 0.9129856824874878, "val/ssim_best": 0.9129856824874878, "epoch": 100, "trainer/global_step": 29500, "_timestamp": 1700070486.2206404, "_runtime": 11121.270527362823, "_step": 200, "train/loss": 0.0009171895799227059, "train/psnr": 34.24653244018555, "train/ssim": 0.9106034636497498, "test/loss": 0.0008886171272024512, "test/psnr": 34.49214172363281, "test/ssim": 0.9152552485466003, "_wandb": {"runtime": 11114}}