{"val/loss": 0.0008897821535356343, "val/psnr": 34.07481384277344, "val/ssim": 0.9115350246429443, "val/ssim_best": 0.9115350246429443, "epoch": 100, "trainer/global_step": 29500, "_timestamp": 1699628330.9814012, "_runtime": 8836.232027292252, "_step": 200, "train/loss": 0.0009286754066124558, "train/psnr": 34.162960052490234, "train/ssim": 0.9095722436904907, "test/loss": 0.00090428238036111, "test/psnr": 34.38516616821289, "test/ssim": 0.9139118790626526, "_wandb": {"runtime": 8831}}