{"val/loss": 0.0019566051196306944, "val/psnr": 29.39788818359375, "val/ssim": 0.8196056485176086, "val/ssim_best": 0.8228006958961487, "epoch": 88, "trainer/global_step": 25960, "_timestamp": 1699385290.2498064, "_runtime": 2179.1857903003693, "_step": 176, "train/loss": 0.00199749949388206, "train/psnr": 29.50231170654297, "train/ssim": 0.8177127838134766, "test/loss": 0.0019598316866904497, "test/psnr": 29.969228744506836, "test/ssim": 0.8244227766990662, "_wandb": {"runtime": 2177}}