{"val/loss": 0.005503659136593342, "val/psnr": 24.960451126098633, "val/ssim": 0.7721150517463684, "val/ssim_best": 0.7769050598144531, "epoch": 76, "trainer/global_step": 22420, "_timestamp": 1700182819.1544564, "_runtime": 6738.5636422634125, "_step": 152, "train/loss": 0.004658933263272047, "train/psnr": 25.112321853637695, "train/ssim": 0.7693834900856018, "test/loss": 0.005016874987632036, "test/psnr": 25.19881248474121, "test/ssim": 0.7811383008956909, "_wandb": {"runtime": 6735}}