{"val/loss": 0.006595004349946976, "val/psnr": 24.03689193725586, "val/ssim": 0.7082455158233643, "val/ssim_best": 0.7103770971298218, "epoch": 50, "trainer/global_step": 14750, "_timestamp": 1699468905.858349, "_runtime": 1126.8635330200195, "_step": 100, "train/loss": 0.00667866924777627, "train/psnr": 24.22259521484375, "train/ssim": 0.7033287286758423, "test/loss": 0.007003074511885643, "test/psnr": 24.437767028808594, "test/ssim": 0.7153645157814026, "_wandb": {"runtime": 1120}}