{"val/loss": 0.0011738053290173411, "val/psnr": 32.26557159423828, "val/ssim": 0.8835657238960266, "val/ssim_best": 0.8911308646202087, "epoch": 50, "trainer/global_step": 14750, "_timestamp": 1699618991.533517, "_runtime": 5388.919709920883, "_step": 100, "train/loss": 0.0012209847336634994, "train/psnr": 32.28224182128906, "train/ssim": 0.8803778290748596, "test/loss": 0.0010974887991324067, "test/psnr": 33.0351676940918, "test/ssim": 0.8936668038368225, "_wandb": {"runtime": 5383}}