{"val/loss": 0.0018225990934297442, "val/psnr": 29.85099220275879, "val/ssim": 0.8469048738479614, "val/ssim_best": 0.8483982086181641, "epoch": 50, "trainer/global_step": 14750, "_timestamp": 1699376147.3022425, "_runtime": 1334.905888557434, "_step": 100, "train/loss": 0.001929578953422606, "train/psnr": 29.90757179260254, "train/ssim": 0.8385753631591797, "test/loss": 0.0018547382205724716, "test/psnr": 30.14647674560547, "test/ssim": 0.8497426509857178, "_wandb": {"runtime": 1328}}