{"val/loss": 0.0013474180595949292, "val/psnr": 31.709684371948242, "val/ssim": 0.8659541010856628, "val/ssim_best": 0.8710781931877136, "epoch": 10, "trainer/global_step": 3244, "_timestamp": 1700175915.1170595, "_runtime": 572.2729144096375, "_step": 21, "train/loss": 0.001281319884583354, "train/psnr": 31.961599349975586, "train/ssim": 0.8736663460731506, "_wandb": {"runtime": 608}}